{"cameraMode":{"drawMode":0,"name":"Shaded","section":"Shading Mode"},"sceneLighting":true,"audioPlay":false,"sceneViewState":{"showFog":true,"showMaterialUpdate":false,"showSkybox":true,"showFlares":true,"showImageEffects":true,"showParticleSystems":true},"in2DMode":false,"pivot":{"x":0.98427414894104,"y":-2.7321434020996095,"z":1.7273036241531373},"rotation":{"x":0.1863410770893097,"y":-0.7980318665504456,"z":0.48359644412994387,"w":0.3075006306171417},"size":12.938421249389649,"orthographic":false}